Workbook

Sheet Biology
A1: StudentID | B1: Student name | C1: Exam name | D1: Exam date | E1: Exam points | F1: Strengths/weakness
A2: 1001 | B2: James Walker | C2: Biology | D2: 05/06/2016 | E2: 31 | F2: =IF(E2>=60,1,0) -> 0
A3: 1002 | B3: Velma Clemons | C3: Biology | D3: 05/06/2016 | E3: 43 | F3: =IF(E3>=60,1,0) -> 0
A4: 1003 | B4: Kibo Underwood | C4: Biology | D4: 05/06/2016 | E4: 81 | F4: =IF(E4>=60,1,0) -> 1
A5: 1004 | B5: Louis Mcgee | C5: Biology | D5: 05/06/2016 | E5: 11 | F5: =IF(E5>=60,1,0) -> 0
A6: 1005 | B6: Phyllis Paul | C6: Biology | D6: 05/06/2016 | E6: 18 | F6: =IF(E6>=60,1,0) -> 0
A7: 1006 | B7: Zenaida Decker | C7: Biology | D7: 05/06/2016 | E7: 55 | F7: =IF(E7>=60,1,0) -> 0
A8: 1007 | B8: Gillian Tillman | C8: Biology | D8: 05/06/2016 | E8: 38 | F8: =IF(E8>=60,1,0) -> 0
A9: 1008 | B9: Constance Boone | C9: Biology | D9: 05/06/2016 | E9: 16 | F9: =IF(E9>=60,1,0) -> 0
A10: 1009 | B10: Giselle Lancaster | C10: Biology | D10: 05/06/2016 | E10: 73 | F10: =IF(E10>=60,1,0) -> 1
A11: 1010 | B11: Kirsten Mcdowell | C11: Biology | D11: 05/06/2016 | E11: 16 | F11: =IF(E11>=60,1,0) -> 0
A12: 1011 | B12: Solomon Ray | C12: Biology | D12: 05/06/2016 | E12: 23 | F12: =IF(E12>=60,1,0) -> 0
A13: 1012 | B13: John Marshall | C13: Biology | D13: 05/06/2016 | E13: 55 | F13: =IF(E13>=60,1,0) -> 0
... A39: 1038 | B39: Yoshi Sherman | C39: Biology | D39: 05/06/2016 | E39: 48 | F39: =IF(E39>=60,1,0) -> 0

Sheet Chemistry
A1: StudentID | B1: Student name | C1: Exam name | D1: Exam date | E1: Exam points | F1: Strengths/weakness
A2: 1001 | B2: James Walker | C2: Chemistry | D2: 15/06/2016 | E2: 52 | F2: =IF(E2>=60,1,0) -> 0
A3: 1002 | B3: Velma Clemons | C3: Chemistry | D3: 15/06/2016 | E3: 20 | F3: =IF(E3>=60,1,0) -> 0
A4: 1003 | B4: Kibo Underwood | C4: Chemistry | D4: 15/06/2016 | E4: 32 | F4: =IF(E4>=60,1,0) -> 0
A5: 1004 | B5: Louis Mcgee | C5: Chemistry | D5: 15/06/2016 | E5: 19 | F5: =IF(E5>=60,1,0) -> 0
A6: 1005 | B6: Phyllis Paul | C6: Chemistry | D6: 15/06/2016 | E6: 61 | F6: =IF(E6>=60,1,0) -> 1
A7: 1006 | B7: Zenaida Decker | C7: Chemistry | D7: 15/06/2016 | E7: 34 | F7: =IF(E7>=60,1,0) -> 0
A8: 1007 | B8: Gillian Tillman | C8: Chemistry | D8: 15/06/2016 | E8: 9 | F8: =IF(E8>=60,1,0) -> 0
A9: 1008 | B9: Constance Boone | C9: Chemistry | D9: 15/06/2016 | E9: 22 | F9: =IF(E9>=60,1,0) -> 0
A10: 1009 | B10: Giselle Lancaster | C10: Chemistry | D10: 15/06/2016 | E10: 46 | F10: =IF(E10>=60,1,0) -> 0
A11: 1010 | B11: Kirsten Mcdowell | C11: Chemistry | D11: 15/06/2016 | E11: 100 | F11: =IF(E11>=60,1,0) -> 1
A12: 1011 | B12: Solomon Ray | C12: Chemistry | D12: 15/06/2016 | E12: 92 | F12: =IF(E12>=60,1,0) -> 1
A13: 1012 | B13: John Marshall | C13: Chemistry | D13: 15/06/2016 | E13: 1 | F13: =IF(E13>=60,1,0) -> 0
... A28: 1027 | B28: Quinn Mayo | C28: Chemistry | D28: 15/06/2016 | E28: 38 | F28: =IF(E28>=60,1,0) -> 0

Sheet Mathematics
A1: StudentID | B1: Student name | C1: Exam name | D1: Exam date | E1: Exam points | F1: Strengths/weakness
A2: 1001 | B2: James Walker | C2: Mathematics | D2: 29/07/2016 | E2: 48 | F2: =IF(E2>=60,1,0) -> 0
A3: 1002 | B3: Velma Clemons | C3: Mathematics | D3: 29/07/2016 | E3: 5 | F3: =IF(E3>=60,1,0) -> 0
A4: 1003 | B4: Kibo Underwood | C4: Mathematics | D4: 29/07/2016 | E4: 7 | F4: =IF(E4>=60,1,0) -> 0
A5: 1004 | B5: Louis Mcgee | C5: Mathematics | D5: 29/07/2016 | E5: 70 | F5: =IF(E5>=60,1,0) -> 1
A6: 1005 | B6: Phyllis Paul | C6: Mathematics | D6: 29/07/2016 | E6: 73 | F6: =IF(E6>=60,1,0) -> 1
A7: 1006 | B7: Zenaida Decker | C7: Mathematics | D7: 29/07/2016 | E7: 59 | F7: =IF(E7>=60,1,0) -> 0
A8: 1007 | B8: Gillian Tillman | C8: Mathematics | D8: 29/07/2016 | E8: 23 | F8: =IF(E8>=60,1,0) -> 0
A9: 1008 | B9: Constance Boone | C9: Mathematics | D9: 29/07/2016 | E9: 72 | F9: =IF(E9>=60,1,0) -> 1
A10: 1009 | B10: Giselle Lancaster | C10: Mathematics | D10: 29/07/2016 | E10: 31 | F10: =IF(E10>=60,1,0) -> 0
A11: 1010 | B11: Kirsten Mcdowell | C11: Mathematics | D11: 29/07/2016 | E11: 74 | F11: =IF(E11>=60,1,0) -> 1
A12: 1011 | B12: Solomon Ray | C12: Mathematics | D12: 29/07/2016 | E12: 91 | F12: =IF(E12>=60,1,0) -> 1
A13: 1012 | B13: John Marshall | C13: Mathematics | D13: 29/07/2016 | E13: 53 | F13: =IF(E13>=60,1,0) -> 0
... A38: 1037 | B38: Nasim Sampson | C38: Mathematics | D38: 29/07/2016 | E38: 51 | F38: =IF(E38>=60,1,0) -> 0

Sheet Philosophy
A1: StudentID | B1: Student name | C1: Exam name | D1: Exam date | E1: Exam points | F1: Strengths/weakness
A2: 1001 | B2: James Walker | C2: Philosophy | D2: 02/06/2016 | E2: 35 | F2: =IF(E2>=60,1,0) -> 0
A3: 1002 | B3: Velma Clemons | C3: Philosophy | D3: 02/06/2016 | E3: 66 | F3: =IF(E3>=60,1,0) -> 1
A4: 1003 | B4: Kibo Underwood | C4: Philosophy | D4: 02/06/2016 | E4: 29 | F4: =IF(E4>=60,1,0) -> 0
A5: 1004 | B5: Louis Mcgee | C5: Philosophy | D5: 02/06/2016 | E5: 91 | F5: =IF(E5>=60,1,0) -> 1
A6: 1005 | B6: Phyllis Paul | C6: Philosophy | D6: 02/06/2016 | E6: 63 | F6: =IF(E6>=60,1,0) -> 1
A7: 1006 | B7: Zenaida Decker | C7: Philosophy | D7: 02/06/2016 | E7: 16 | F7: =IF(E7>=60,1,0) -> 0
A8: 1007 | B8: Gillian Tillman | C8: Philosophy | D8: 02/06/2016 | E8: 10 | F8: =IF(E8>=60,1,0) -> 0
A9: 1008 | B9: Constance Boone | C9: Philosophy | D9: 02/06/2016 | E9: 23 | F9: =IF(E9>=60,1,0) -> 0
A10: 1009 | B10: Giselle Lancaster | C10: Philosophy | D10: 02/06/2016 | E10: 72 | F10: =IF(E10>=60,1,0) -> 1
A11: 1010 | B11: Kirsten Mcdowell | C11: Philosophy | D11: 02/06/2016 | E11: 93 | F11: =IF(E11>=60,1,0) -> 1
A12: 1011 | B12: Solomon Ray | C12: Philosophy | D12: 02/06/2016 | E12: 10 | F12: =IF(E12>=60,1,0) -> 0
A13: 1012 | B13: John Marshall | C13: Philosophy | D13: 02/06/2016 | E13: 99 | F13: =IF(E13>=60,1,0) -> 1
... A39: 1038 | B39: Yoshi Sherman | C39: Philosophy | D39: 02/06/2016 | E39: 52 | F39: =IF(E39>=60,1,0) -> 0

Sheet Physics
A1: StudentID | B1: Student name | C1: Exam name | D1: Exam date | E1: Exam points | F1: Strengths/weakness
A2: 1001 | B2: James Walker | C2: Physics | D2: 10/06/2016 | E2: 69 | F2: =IF(E2>=60,1,0) -> 1
A3: 1002 | B3: Velma Clemons | C3: Physics | D3: 10/06/2016 | E3: 95 | F3: =IF(E3>=60,1,0) -> 1
A4: 1003 | B4: Kibo Underwood | C4: Physics | D4: 10/06/2016 | E4: 33 | F4: =IF(E4>=60,1,0) -> 0
A5: 1004 | B5: Louis Mcgee | C5: Physics | D5: 10/06/2016 | E5: 76 | F5: =IF(E5>=60,1,0) -> 1
A6: 1005 | B6: Phyllis Paul | C6: Physics | D6: 10/06/2016 | E6: 20 | F6: =IF(E6>=60,1,0) -> 0
A7: 1006 | B7: Zenaida Decker | C7: Physics | D7: 10/06/2016 | E7: 10 | F7: =IF(E7>=60,1,0) -> 0
A8: 1007 | B8: Gillian Tillman | C8: Physics | D8: 10/06/2016 | E8: 72 | F8: =IF(E8>=60,1,0) -> 1
A9: 1008 | B9: Constance Boone | C9: Physics | D9: 10/06/2016 | E9: 80 | F9: =IF(E9>=60,1,0) -> 1
A10: 1009 | B10: Giselle Lancaster | C10: Physics | D10: 10/06/2016 | E10: 22 | F10: =IF(E10>=60,1,0) -> 0
A11: 1010 | B11: Kirsten Mcdowell | C11: Physics | D11: 10/06/2016 | E11: 8 | F11: =IF(E11>=60,1,0) -> 0
A12: 1011 | B12: Solomon Ray | C12: Physics | D12: 10/06/2016 | E12: 100 | F12: =IF(E12>=60,1,0) -> 1
A13: 1012 | B13: John Marshall | C13: Physics | D13: 10/06/2016 | E13: 49 | F13: =IF(E13>=60,1,0) -> 0
... A22: 1021 | B22: Noelle Valentine | C22: Physics | D22: 10/06/2016 | E22: 26 | F22: =IF(E22>=60,1,0) -> 0

Sheet Sociology
A1: StudentID | B1: Student name | C1: Exam name | D1: Exam date | E1: Exam points | F1: Strengths/weakness
A2: 1001 | B2: James Walker | C2: Sociology | D2: 21/06/2016 | E2: 70 | F2: =IF(E2>=60,1,0) -> 1
A3: 1002 | B3: Velma Clemons | C3: Sociology | D3: 21/06/2016 | E3: 37 | F3: =IF(E3>=60,1,0) -> 0
A4: 1003 | B4: Kibo Underwood | C4: Sociology | D4: 21/06/2016 | E4: 68 | F4: =IF(E4>=60,1,0) -> 1
A5: 1004 | B5: Louis Mcgee | C5: Sociology | D5: 21/06/2016 | E5: 60 | F5: =IF(E5>=60,1,0) -> 1
A6: 1005 | B6: Phyllis Paul | C6: Sociology | D6: 21/06/2016 | E6: 98 | F6: =IF(E6>=60,1,0) -> 1
A7: 1006 | B7: Zenaida Decker | C7: Sociology | D7: 21/06/2016 | E7: 20 | F7: =IF(E7>=60,1,0) -> 0
A8: 1007 | B8: Gillian Tillman | C8: Sociology | D8: 21/06/2016 | E8: 32 | F8: =IF(E8>=60,1,0) -> 0
A9: 1008 | B9: Constance Boone | C9: Sociology | D9: 21/06/2016 | E9: 40 | F9: =IF(E9>=60,1,0) -> 0
A10: 1009 | B10: Giselle Lancaster | C10: Sociology | D10: 21/06/2016 | E10: 97 | F10: =IF(E10>=60,1,0) -> 1
A11: 1010 | B11: Kirsten Mcdowell | C11: Sociology | D11: 21/06/2016 | E11: 1 | F11: =IF(E11>=60,1,0) -> 0
A12: 1011 | B12: Solomon Ray | C12: Sociology | D12: 21/06/2016 | E12: 6 | F12: =IF(E12>=60,1,0) -> 0
A13: 1012 | B13: John Marshall | C13: Sociology | D13: 21/06/2016 | E13: 39 | F13: =IF(E13>=60,1,0) -> 0
... A40: 1039 | B40: Stacy Small | C40: Sociology | D40: 21/06/2016 | E40: 96 | F40: =IF(E40>=60,1,0) -> 1

Sheet Additional Details
A1: Student name | B1: StudentID | C1: Age | D1: Gender | E1: Ethnicity | F1: ParentalEducation | G1: StudyTimeWeekly | H1: Absences | I1: Tutoring | J1: ParentalSupport | K1: Extracurricular | L1: Sports | M1: Music | N1: Volunteering | O1: GPA | P1: GradeClass
A2: James Walker | B2: 1001 | C2: 17 | D2: 1 | E2: 0 | F2: 2 | G2: 19.833723 | H2: 7 | I2: 1 | J2: 2 | K2: 0 | L2: 0 | M2: 1 | N2: 0 | O2: 2.9291956 | P2: 2
A3: Velma Clemons | B3: 1002 | C3: 18 | D3: 0 | E3: 0 | F3: 1 | G3: 15.408756 | H3: 0 | I3: 0 | J3: 1 | K3: 0 | L3: 0 | M3: 0 | N3: 0 | O3: 3.0429148 | P3: 1
A4: Kibo Underwood | B4: 1003 | C4: 15 | D4: 0 | E4: 2 | F4: 3 | G4: 4.2105698 | H4: 26 | I4: 0 | J4: 2 | K4: 0 | L4: 0 | M4: 0 | N4: 0 | O4: 0.11260225 | P4: 4
A5: Louis Mcgee | B5: 1004 | C5: 17 | D5: 1 | E5: 0 | F5: 3 | G5: 10.028829 | H5: 14 | I5: 0 | J5: 3 | K5: 1 | L5: 0 | M5: 0 | N5: 0 | O5: 2.0542181 | P5: 3
A6: Phyllis Paul | B6: 1005 | C6: 17 | D6: 1 | E6: 0 | F6: 2 | G6: 4.6724953 | H6: 17 | I6: 1 | J6: 3 | K6: 0 | L6: 0 | M6: 0 | N6: 0 | O6: 1.2880612 | P6: 4
A7: Zenaida Decker | B7: 1006 | C7: 18 | D7: 0 | E7: 0 | F7: 1 | G7: 8.1912185 | H7: 0 | I7: 0 | J7: 1 | K7: 1 | L7: 0 | M7: 0 | N7: 0 | O7: 3.0841836 | P7: 1
A8: Gillian Tillman | B8: 1007 | C8: 15 | D8: 0 | E8: 1 | F8: 1 | G8: 15.60168 | H8: 10 | I8: 0 | J8: 3 | K8: 0 | L8: 1 | M8: 0 | N8: 0 | O8: 2.7482374 | P8: 2
A9: Constance Boone | B9: 1008 | C9: 15 | D9: 1 | E9: 1 | F9: 4 | G9: 15.424496 | H9: 22 | I9: 1 | J9: 1 | K9: 1 | L9: 0 | M9: 0 | N9: 0 | O9: 1.3601427 | P9: 4
A10: Giselle Lancaster | B10: 1009 | C10: 17 | D10: 0 | E10: 0 | F10: 0 | G10: 4.5620076 | H10: 1 | I10: 0 | J10: 2 | K10: 0 | L10: 1 | M10: 0 | N10: 1 | O10: 2.8968192 | P10: 2 | R10: Absences | S10: =_xlfn.XLOOKUP('Project file'!$B$10,'Additional Details'!A:A,'Additional Details'!H:H,0,0,1) -> 26
A11: Kirsten Mcdowell | B11: 1010 | C11: 16 | D11: 1 | E11: 0 | F11: 1 | G11: 18.444466 | H11: 0 | I11: 0 | J11: 3 | K11: 1 | L11: 0 | M11: 0 | N11: 0 | O11: 3.5734742 | P11: 0 | R11: Average Absences | S11: =AVERAGE(Table1[Absences]) -> 14.615385
A12: Solomon Ray | B12: 1011 | C12: 17 | D12: 0 | E12: 0 | F12: 1 | G12: 11.851364 | H12: 11 | I12: 0 | J12: 1 | K12: 0 | L12: 0 | M12: 0 | N12: 0 | O12: 2.1471716 | P12: 3
A13: John Marshall | B13: 1012 | C13: 17 | D13: 0 | E13: 0 | F13: 1 | G13: 7.5984858 | H13: 15 | I13: 0 | J13: 2 | K13: 0 | L13: 0 | M13: 0 | N13: 1 | O13: 1.5595945 | P13: 4
A14: Merrill Carney | B14: 1013 | C14: 17 | D14: 0 | E14: 1 | F14: 1 | G14: 10.038712 | H14: 21 | I14: 0 | J14: 3 | K14: 1 | L14: 0 | M14: 0 | N14: 0 | O14: 1.5200778 | P14: 4 | R14: Average Study time | S14: =AVERAGE(Table1[StudyTimeWeekly]) -> 9.9480694
A15: Hakeem Gillespie | B15: 1014 | C15: 17 | D15: 0 | E15: 1 | F15: 2 | G15: 12.101425 | H15: 21 | I15: 0 | J15: 4 | K15: 0 | L15: 1 | M15: 0 | N15: 0 | O15: 1.751581 | P15: 4 | R15: Study time | S15: =_xlfn.XLOOKUP('Project file'!$B$10,'Additional Details'!A:A,'Additional Details'!G:G,"NA",0,1) -> 4.2105698
A16: Hayden Boyer | B16: 1015 | C16: 18 | D16: 1 | E16: 0 | F16: 1 | G16: 11.197811 | H16: 9 | I16: 1 | J16: 2 | K16: 0 | L16: 0 | M16: 0 | N16: 0 | O16: 2.3967881 | P16: 3
A17: Griffin Mcleod | B17: 1016 | C17: 15 | D17: 0 | E17: 0 | F17: 2 | G17: 9.7281007 | H17: 17 | I17: 1 | J17: 0 | K17: 0 | L17: 1 | M17: 0 | N17: 0 | O17: 1.3415207 | P17: 4
A18: Allistair Patton | B18: 1017 | C18: 18 | D18: 0 | E18: 3 | F18: 1 | G18: 10.098656 | H18: 14 | I18: 0 | J18: 2 | K18: 1 | L18: 1 | M18: 0 | N18: 0 | O18: 2.2321753 | P18: 3
A19: Rina Slater | B19: 1018 | C19: 18 | D19: 1 | E19: 0 | F19: 0 | G19: 3.5282382 | H19: 16 | I19: 1 | J19: 2 | K19: 0 | L19: 0 | M19: 0 | N19: 0 | O19: 1.3844042 | P19: 4
A20: Caldwell Skinner | B20: 1019 | C20: 18 | D20: 0 | E20: 1 | F20: 3 | G20: 16.254658 | H20: 29 | I20: 0 | J20: 2 | K20: 1 | L20: 0 | M20: 0 | N20: 1 | O20: 0.46955332 | P20: 4
A21: Portia Galloway | B21: 1020 | C21: 17 | D21: 0 | E21: 0 | F21: 1 | G21: 10.835206 | H21: 9 | I21: 0 | J21: 2 | K21: 0 | L21: 0 | M21: 1 | N21: 0 | O21: 2.3957841 | P21: 3
A22: Noelle Valentine | B22: 1021 | C22: 16 | D22: 1 | E22: 0 | F22: 3 | G22: 2.6215972 | H22: 2 | I22: 0 | J22: 3 | K22: 0 | L22: 0 | M22: 0 | N22: 1 | O22: 2.7784113 | P22: 2
A23: Abel Clay | B23: 1022 | C23: 15 | D23: 0 | E23: 0 | F23: 2 | G23: 15.323142 | H23: 25 | I23: 0 | J23: 1 | K23: 1 | L23: 0 | M23: 0 | N23: 0 | O23: 0.34689404 | P23: 4
A24: Stephanie Kent | B24: 1023 | C24: 16 | D24: 1 | E24: 1 | F24: 0 | G24: 18.64888 | H24: 29 | I24: 1 | J24: 1 | K24: 0 | L24: 0 | M24: 0 | N24: 0 | O24: 0.31254623 | P24: 4
A25: Axel Petty | B25: 1024 | C25: 18 | D25: 1 | E25: 3 | F25: 4 | G25: 18.946138 | H25: 20 | I25: 0 | J25: 2 | K25: 1 | L25: 0 | M25: 0 | N25: 0 | O25: 1.7701319 | P25: 4
A26: Nevada Morales | B26: 1025 | C26: 18 | D26: 1 | E26: 0 | F26: 1 | G26: 7.3803546 | H26: 15 | I26: 0 | J26: 2 | K26: 0 | L26: 0 | M26: 0 | N26: 0 | O26: 1.5051556 | P26: 4
A27: Fuller Bush | B27: 1026 | C27: 16 | D27: 1 | E27: 0 | F27: 3 | G27: 2.7103375 | H27: 5 | I27: 0 | J27: 4 | K27: 0 | L27: 0 | M27: 1 | N27: 0 | O27: 2.9778519 | P27: 2
... A40: Stacy Small | B40: 1039 | C40: 15 | D40: 1 | E40: 1 | F40: 1 | G40: 2.9490783 | H40: 3 | I40: 1 | J40: 1 | K40: 1 | L40: 1 | M40: 0 | N40: 0 | O40: 3.0189059 | P40: 1

Sheet Strenght and weakness
A4: Biology | B4: =_xlfn.XLOOKUP('Project file'!$B$10,Table2[Student name],Table2[Strengths/weakness],"NA",0,1) -> 1
A5: Chemistry | B5: =_xlfn.XLOOKUP('Project file'!$B$10,Mathematics!B:B,Mathematics!F:F,"NA",0,1) -> 0
A6: Mathematics | B6: =_xlfn.XLOOKUP('Project file'!$B$10,Mathematics!B:B,Mathematics!F:F,"NA",0,1) -> 0
A7: Philosophy | B7: =_xlfn.XLOOKUP('Project file'!$B$10,Philosophy!B:B,Philosophy!F:F,"NA",0,1) -> 0
A8: Physics | B8: =_xlfn.XLOOKUP('Project file'!$B$10,Physics!B:B,Physics!F:F,"NA",0,1) -> 0
A9: Sociology | B9: =_xlfn.XLOOKUP('Project file'!$B$10,Sociology!B:B,Sociology!F:F,"NA",0,1) -> 1

Sheet Project file
A1: Final Report
A10: Student Name: | B10: Kibo Underwood
A13: Subject | B13: Marks
A14: Biology | B14: =_xlfn.XLOOKUP(B10,Table2[Student name],Table2[Exam points],"Absent",0,1) -> 81
A15: Chemistry | B15: =_xlfn.XLOOKUP(B10,Chemistry!B:B,Chemistry!E:E,"Absent",0,1) -> 32
A16: Mathematics | B16: =_xlfn.XLOOKUP(B10,Mathematics!B:B,Mathematics!E:E,"Absent",0,1) -> 7
A17: Philosophy | B17: =_xlfn.XLOOKUP(B10,Philosophy!B:B,Philosophy!E:E,"Absent",1,) -> 29
A18: Physics | B18: =_xlfn.XLOOKUP(B10,Physics!B:B,Physics!E:E,"Absent",0,1) -> 33
A19: Sociology | B19: =_xlfn.XLOOKUP(B10,Sociology!B:B,Sociology!E:E,"Absent",0,1) -> 68
A20: Total | B20: =SUM(B14:B19) -> 250
